"Marker","PI","B260005_Allele1","B260005_Allele2","C260005_Allele1","C260005_Allele2"
"D3S1358","1.50404019463042","15","16","15","16"
"vWA","1.01883987517323","17","18","17","20"
"D12S391","2.65282755266025","18","20","18","20"
"CSF1PO","2.59958940612067","10","10","10","11"
"PentaE","3.54231209708152","13","14","13","16"
"D2S441","3.24428657324422","14","14","10","14"
"D16S539","0.968806595052621","11","12","11","13"
"D7S820","0.797846463572279","8","11","10","11"
"D13S317","2.30926653651314","8","12","9","12"
"D2S1338","2.69548811160542","19","24","19","24"
"PentaD","2.91080426896038","8","9","8","12"
"rs199815934",NA,"1","1",NA,NA
"Amel",NA,"X","Y","X","X"
"D22S1045","1.08571087222998","15","16","16","17"
"D19S433","3.1820385566915","14.2","15","14","15"
"D18S51","1.98828686259635","15","19","15","15"
"D6S1043","2.04891181771073","13","17","13","18"
"DYS391",NA,"11","11",NA,NA
"D8S1179","1.34052040306431","14","15","10","15"
"D5S818","1.11870481417836","7","11","11","13"
"D21S11","1.9389445873694","31","32.2","30.2","32.2"
"FGA","3.20841092641131","21.2","24","24","24"
"D10S1248","1.08975170096176","12","14","13","14"
"TH01","1.33924968253843","6","9","9","9"
"D1S1656","65.7387933291362","15","19","16","19"
"TPOX","1.4735151308338","8","11","8","11"
"SE33","7.37729105648756","20","23.2","19","20"
"CPI=","232913516.010185",NA,NA,NA,NA
"W=","99.9999995706561%",NA,NA,NA,NA
